,0
0,_pakita
1,baktiar_90
2,zhanaelle
3,its.meru
4,memgags
5,avarkazavarka
6,mnlbv08
7,__modern_nomad__
8,sirimota
9,issvbvyewa
10,dinassil.07.17
11,qiyal_wear
12,berikovnaofficial
13,fronzoli_showroom_kz
14,kunduzoo
15,kmadina___
16,alusha_sh
17,d4nk.e
18,sakenilyassov
19,etinakrey
20,yeldos47
21,ktncw
22,nurdosick
23,akbotaaaa
24,marykay55554
25,eyezhann
26,nur.khaj
27,st.daniyar
28,danara_moon
29,sabinaww
30,marshsmash
31,didara.at
32,tlbv1603
33,sanzhar.tukeyev
34,saken_00007
35,alyonkim
36,y.alpyssov
37,rakhimovarymgul
38,ohtwowall
39,aluasmagulova
40,iv_vanderbeek
41,dastik_m
42,narymbek_kz
43,sophie.toktar
44,hey__lizzie
45,rashatkyzy
46,heyrusya
47,prof_consult
48,botaa_k
49,ykylasz
50,abdallakh.09
51,nnight_soulss
52,belasar_a
53,chaimardan
54,djabaiy
55,musabaeva_17
56,ualibekova.aida
57,kundyzbekxv
58,addellyaaa
59,yeldos21
60,qaparr
61,your_obsessionl
62,adlettohtabaev
63,alpamys_baktybay
64,seitzhan.m
65,askar_serikkhanov
66,010.adl
67,abylaikhansb
68,serikovv.d
69,beknur.abv
70,parfum__astana01
71,miss_jibek
72,alihuuuntr
73,adelkanalisher
74,aizhana_g99
75,aiskalievco
76,tomi_drb
77,aidyn_ms
78,sharikikz_almaty
79,statickquell
80,aynuriya
81,rasimito
82,elyakazbekova
83,01ncn01
84,spiderman_ala
85,takeit_shopkz
86,armstrong.almaty
87,iamaltairs
88,luxurycalypso
89,akhmettayeva.akerke
90,codebuster0
91,zhanel5
92,theend198
93,zhaniyaabdibek
94,bakhyshev
95,barbossa_shoes
96,flipflop.almaty
97,mukhatov_07
98,kojima_is_genius
99,pashka_kim
100,yeldan_s
101,seidakhanovd
102,kamilzhvn
103,ya_aidana
104,aiymabs_s
105,nuptebek
106,baibaktiyevaa
107,parka_aalmaty
108,ameliya.q
109,rznv.akmb
110,kulyashknr
111,cocaine.coke
112,deleted_111account111
113,nesanzhar
114,buytime.kazakhstan
115,artgallery_olly
116,aisultankali
117,mvgzhan
118,wlnightmare
119,aiyashamil
120,brow.nails_dsl.msu
121,fat_cat06
122,darikoshaaaaa
123,almajesty_
124,gohamun
125,dana_tur
126,assylbekov_b
127,amani.yb
128,queenurss
129,toktars
130,daurbrw
131,focus.almaty
132,beksultan98
133,dauletovzhuldyz
134,so_symbatty
135,ayala.ala
136,gulim_mukhtarova
137,bmwfamilykz
138,akbota_sm
139,ademshoes
140,aruzhankaaf
141,aidarustam977
142,zhaskairatovt
143,alikhan880
144,eat_and_study
145,fuckyoukbtu
146,reurz6324
147,zharaskhan
148,flashedu
149,lovedate
150,_0shame
151,altynaay_
152,aigerimsadir
153,kizzybroadbent.666
154,amirallison
155,madekasun
156,dinanovmukhamedzhan
157,samirova001
158,marlenshamil
159,lalaiym
160,aigana_akylova
161,n.bots
162,abenova_aimira
163,tulips.power
164,turdakynbay.a
165,daniel_gorji1
166,diana_sadirbekovaa
167,cyber_sport_shop
168,ise_kbtu
169,fakebaglan
170,taniasyborova
171,locvnb
172,kzsnapchatkz
173,rabota8553
174,sumekenov
175,mu.hublot.1pps
176,ethereal.pink.dragon
177,kobegenovaisultan
178,kobegenovv
179,muhamed050
180,tanirovka.almata
181,aijan_azimjanovna
182,aspandiyar.k
183,adiletabs
184,jdmlife010
185,shorika_
186,ilvina07777
187,nikitos0548
188,filitsovasveta
189,natanutela
190,bikininesport
191,uexxbh104
192,acvx
193,toscha.karetin
194,herom_nin
195,viktoryazorova
196,we_smile7
197,dontsova23
198,valera.khokhlov
199,shugaringvkazani
200,maratulym
201,_itsnotalina_
202,mr_enot_waf
203,alibounce
204,aishu_k_
205,malesha_m
206,a_magzhan
207,prostohabibi
208,damir606606
209,maratqyzy.h
210,maxmaratuly
211,ara.checker
212,sagitovat
213,bulaatov
214,maylebaeva
215,azh_055
216,nurtas.202
217,altortay
218,daniarliament
219,mergengames
220,clasico1112
221,nursulu_sbc
222,zheksembayev
223,daniya.mk
224,asel_sag
225,mellatova_
226,madendinara
227,timsultanich
228,loyanelty
229,mdmur
230,almas_oral
231,unfckblepuma
232,modnaya_soroka
233,tolybaevfarabi
234,kuanysh_suleimen
235,and_pavel_
236,roma_1002
237,zimanovalikhan
238,alimzhanov.b
239,d.altushka
240,botaknows
241,vngelo13
242,redyassebov.r
243,supertorex
244,company_winners
245,klever_bet
246,lashmaker.yugai02
247,dimdavidbk
248,betstar.kz
249,tusssupov2015
250,yasminburambayeva
251,symbat.seitzhan
252,jomart.ablassanov
253,arnurkotoriykrutoyparen
254,daaryn
255,dastanbaitursynov
256,jamalungma_
257,sumka_roddoma
258,ibknva
259,kyba_ali
260,darigummy
261,a_ondasbaev
262,o_salikh_
263,sultantursunov
264,daniyarkadyrbekov
265,dohchuk
266,taipovs
267,eleusiz
268,askme_now_
269,barcelona_mix_goals
270,alibekkr
271,english_almaty01
272,zimanovtemirkhan
273,teamskiy
274,shoratbayeva
275,daniyar.kbv
276,donzilla_game_club
277,open_space_almaty
278,mybottlealmaty
279,playroom.kz
280,ruslanzayats1998
281,damiko_mdd
282,ostanovka_cafe
283,k_omarova
284,nurba.xo
285,sun.jar_
286,nikita_kvitko
287,dr.alikhan
288,__smarzhan__
289,aruka2901
290,sweetshirts_ala
291,sadda11_asm
292,albagrigoryev_22
293,secrets_for_beauty
294,zhunissaliyelaman
295,don_ereke
296,amway_almaty_
297,playonekz
298,abylai2402
299,yuliya.kenzhebayeva
300,adilet23
301,zhanarbekuly10
302,nazari_abs
303,_nurila__
304,airika_n
305,tursunov_
306,alimovd
307,kulaskhat
308,dunennstmichokami
